{"_timestamp":1.7421452380750427e+09,"train_accuracy":0.09996296296296296,"train_loss":2.30260761514523,"val_loss":2.3027143150251455,"val_accuracy":0.10033333333333333,"_runtime":44.562693252,"epoch":9,"_wandb":{"runtime":44},"_step":9}