{"_timestamp":1.7421984495109112e+09,"_wandb":{"runtime":23},"val_loss":2.302758145742925,"epoch":9,"val_accuracy":0.0925,"_runtime":23.919250966,"_step":9,"train_loss":2.302575114833358,"train_accuracy":0.10083333333333333}