{"val_accuracy":0.0925,"train_accuracy":0.10083333333333333,"_runtime":9.302478092,"val_loss":2.3027380508920863,"epoch":4,"_wandb":{"runtime":9},"_timestamp":1.7422014297410972e+09,"train_loss":2.302577400650832,"_step":4}