{"val_accuracy":0.10033333333333333,"_timestamp":1.7421439125589876e+09,"_runtime":6.44855035,"_wandb":{"runtime":6},"val_loss":2.355412064772531,"train_accuracy":0.09996296296296296,"epoch":4,"_step":4,"train_loss":2.3491068443390977}