{"val_loss":0.8061336384180865,"val_accuracy":0.7661666666666667,"_timestamp":1.7415914632709384e+09,"_runtime":50.919354242,"_step":9,"_wandb":{"runtime":50},"train_loss":0.8112438509730482,"train_accuracy":0.7645740740740741}