{"val_loss":1.3293792720930797,"_runtime":11.526035214,"train_loss":1.3303040574140474,"train_accuracy":0.5462777777777778,"epoch":4,"_step":4,"val_accuracy":0.5491666666666667,"_timestamp":1.741594151440258e+09,"_wandb":{"runtime":11}}