{"_runtime":24.034481588,"_step":0,"_wandb":{"runtime":24},"accuracy":0.8747,"_timestamp":1.741449883646411e+09}