{"_wandb":{"runtime":24},"val_accuracy":0.1455,"_timestamp":1.7415125061745675e+09,"train_loss":2.3025527426254517,"epoch":9,"train_accuracy":0.14924074074074073,"_runtime":24.072881875,"_step":9,"val_lass":16.578527688948014}