{"val_loss":2.3027563243756672,"val_accuracy":0.0925,"_timestamp":1.74159271705451e+09,"_runtime":37.514571827,"_wandb":{"runtime":37},"_step":9,"train_loss":2.30257472493279,"train_accuracy":0.10083333333333333}