{"train_accuracy":0.09996296296296296,"val_loss":2.3027771160846515,"val_accuracy":0.10033333333333333,"_timestamp":1.7415915750142572e+09,"_wandb":{"runtime":8},"_runtime":8.060523258,"_step":4,"train_loss":2.3026196370360985}