{"_runtime":33.080486201,"_step":0,"accuracy":0.8715,"_wandb":{"runtime":33},"_timestamp":1.7414504858417168e+09}