{"_timestamp":1.7421949524414136e+09,"val_loss":0.4882442609052595,"val_accuracy":0.8173333333333334,"epoch":9,"_runtime":46.092342567,"train_loss":0.47489666122238144,"_wandb":{"runtime":46},"_step":9,"train_accuracy":0.8237962962962962}