{"_wandb":{"runtime":7},"epoch":9,"val_accuracy":0.1555,"train_loss":2.3025849878690154,"_timestamp":1.7415125539918017e+09,"train_accuracy":0.15875925925925927,"_runtime":7.28596956,"_step":9,"val_lass":16.57861265986715}