{"accuracy":0.8723,"_wandb":{"runtime":11},"_timestamp":1.7414505758609416e+09,"_runtime":11.200157025,"_step":0}