{"val_loss":2.302741094994826,"_step":9,"epoch":9,"train_loss":2.302551834540665,"_wandb":{"runtime":49},"train_accuracy":0.10083333333333333,"val_accuracy":0.0925,"_timestamp":1.742142118519184e+09,"_runtime":49.732244609}