{"_runtime":16.324166389,"_step":4,"train_loss":0.6557639995858385,"_wandb":{"runtime":16},"train_accuracy":0.7818333333333334,"val_loss":0.6503739238326893,"val_accuracy":0.7778333333333334,"_timestamp":1.7415934578690386e+09}