{"_timestamp":1.7415937804000773e+09,"val_accuracy":0.8181666666666667,"train_loss":0.5629112641311184,"_runtime":13.53101798,"_step":9,"_wandb":{"runtime":13},"train_accuracy":0.8234814814814815,"epoch":9,"val_loss":0.564228225750352}