{"val_accuracy":0.16316666666666665,"_runtime":4.355337936,"_wandb":{"runtime":4},"val_lass":16.578612386841062,"epoch":4,"_timestamp":1.7415125613174686e+09,"train_accuracy":0.16435185185185186,"train_loss":2.302584838214023,"_step":4}