{"val_loss":2.3027046489691947,"_wandb":{"runtime":13},"_timestamp":1.742195046787597e+09,"_runtime":13.347183432,"train_accuracy":0.10083333333333333,"_step":9,"train_loss":2.3025978646294636,"val_accuracy":0.0925,"epoch":9}