{"val_accuracy":0.7603333333333333,"_timestamp":1.7421420650521696e+09,"_runtime":22.280165242,"val_loss":0.6677041386699534,"_wandb":{"runtime":22},"train_loss":0.6737074153602645,"_step":4,"epoch":4,"train_accuracy":0.7512962962962964}