{"_step":9,"_wandb":{"runtime":16},"train_loss":2.302575197935917,"train_accuracy":0.10083333333333333,"val_loss":2.3027565678891344,"val_accuracy":0.0925,"_timestamp":1.7415940401808121e+09,"_runtime":16.605654362,"epoch":9}