{"_wandb":{"runtime":9},"_step":4,"train_accuracy":0.10083333333333333,"val_accuracy":0.0925,"epoch":4,"_runtime":9.322393253,"_timestamp":1.7421451868176382e+09,"val_loss":2.3027065140289706,"train_loss":2.302576011905489}