{"_runtime":20.696994626,"val_accuracy":0.4126666666666667,"train_accuracy":0.43683333333333335,"val_lass":16.57806205174752,"_timestamp":1.7415124759280028e+09,"_step":9,"epoch":9,"train_loss":2.302359510087263,"_wandb":{"runtime":20}}