{"_runtime":12.081855218,"val_accuracy":0.0895,"_timestamp":1.741512542688007e+09,"_wandb":{"runtime":12},"val_lass":16.578612563638202,"train_loss":2.302584928660629,"epoch":4,"_step":4,"train_accuracy":0.09146296296296297}