{"_wandb":{"runtime":23},"_timestamp":1.7421424707105176e+09,"_step":9,"val_accuracy":0.6781666666666667,"_runtime":23.169593441,"epoch":9,"train_loss":0.9501108694470747,"train_accuracy":0.6767407407407408,"val_loss":0.9522731001541384}