{"_timestamp":1.7414505152783134e+09,"_runtime":9.285937071,"_step":0,"_wandb":{"runtime":9},"accuracy":0.8698}