{"_wandb":{"runtime":23},"train_accuracy":0.2192037037037037,"val_accuracy":0.20366666666666666,"_timestamp":1.7415113563805425e+09,"_runtime":23.41990199,"_step":9}