{"val_accuracy":0.42933333333333334,"_step":9,"train_accuracy":0.43666666666666665,"train_loss":1.3173672025269194,"epoch":9,"_wandb":{"runtime":29},"val_loss":1.3168268362097617,"_timestamp":1.7415940205680532e+09,"_runtime":29.044033484}