{"_runtime":34.745139034,"_step":9,"train_loss":2.3027370779649248,"train_accuracy":0.09996296296296296,"val_loss":2.3029827392875006,"_wandb":{"runtime":34},"val_accuracy":0.10033333333333333,"_timestamp":1.7415915161109226e+09}