{"val_accuracy":0.24116666666666667,"epoch":4,"_step":4,"_wandb":{"runtime":28},"_timestamp":1.7421440412959778e+09,"train_loss":1.9671774470890815,"train_accuracy":0.24607407407407408,"_runtime":28.175761389,"val_loss":1.958775434977418}