{"_wandb":{"runtime":6},"epoch":4,"train_loss":1.7471556068444352,"val_accuracy":0.19666666666666666,"_timestamp":1.7421455088489141e+09,"_runtime":6.749437861,"_step":4,"val_loss":1.7496462207323409,"train_accuracy":0.2056111111111111}