{"_step":4,"_wandb":{"runtime":29},"val_accuracy":0.10033333333333333,"epoch":4,"train_loss":2.3026064055546835,"train_accuracy":0.09996296296296296,"val_loss":2.3026991649652135,"_timestamp":1.741594685396824e+09,"_runtime":29.684568445}