{"train_accuracy":0.7528148148148148,"_timestamp":1.741594405681846e+09,"_step":9,"val_accuracy":0.7428333333333333,"_runtime":57.186660734,"_wandb":{"runtime":57},"train_loss":0.6622009718037282,"val_loss":0.7268815698372563,"epoch":9}