{"_runtime":18.69452117,"train_loss":1.7711513997568993,"train_accuracy":0.20546296296296296,"val_loss":1.7736714658696167,"_wandb":{"runtime":18},"val_accuracy":0.19716666666666666,"epoch":9,"_step":9,"_timestamp":1.7422096910262053e+09}