{"_runtime":26.941104685,"train_loss":2.301648089680891,"_timestamp":1.7421422506952417e+09,"epoch":4,"val_accuracy":0.10033333333333333,"_wandb":{"runtime":26},"_step":4,"train_accuracy":0.09996296296296296,"val_loss":2.301849473316771}