{"_timestamp":1.7422096593178294e+09,"train_loss":1.134946081181414,"train_accuracy":0.5459814814814815,"_runtime":8.621269786,"val_loss":1.1306651870417557,"val_accuracy":0.5546666666666666,"_wandb":{"runtime":8},"epoch":4,"_step":4}