{"_wandb":{"runtime":15},"accuracy":0.8079,"_timestamp":1.7414504096402693e+09,"_runtime":15.31936787,"_step":0}