{"_timestamp":1.7415939597315245e+09,"epoch":9,"_wandb":{"runtime":21},"val_loss":2.3026475357015475,"_runtime":21.115818344,"val_accuracy":0.0925,"_step":9,"train_accuracy":0.10083333333333333,"train_loss":2.302590534379054}