{"_step":0,"_wandb":{"runtime":28},"accuracy":0.8671,"_timestamp":1.741449986352648e+09,"_runtime":28.017772009}