{"train_loss":2.3025778271680366,"_wandb":{"runtime":65},"train_accuracy":0.10064814814814815,"val_loss":2.3027052632604614,"val_accuracy":0.09416666666666666,"_runtime":65.3340519,"_timestamp":1.7421425400161207e+09,"epoch":9,"_step":9}