{"_timestamp":1.7414503666773436e+09,"_runtime":20.41851553,"_step":0,"_wandb":{"runtime":20},"accuracy":0.8752}