{"train_accuracy":0.18772222222222223,"_wandb":{"runtime":5},"val_accuracy":0.18733333333333332,"_timestamp":1.7415112376087437e+09,"_runtime":5.724005818,"_step":9}