{"val_accuracy":0.753,"val_loss":0.7050331411705809,"_runtime":17.667026139,"_step":9,"epoch":9,"train_loss":0.703900555886914,"_wandb":{"runtime":17},"_timestamp":1.7422010867115378e+09,"train_accuracy":0.7575185185185185}