{"_timestamp":1.7414513546820166e+09,"_runtime":8.106059094,"_step":0,"_wandb":{"runtime":8},"accuracy":0.7961}