{"val_accuracy":0.8236666666666667,"_step":4,"train_loss":0.4456544288491058,"val_loss":0.541730633177545,"train_accuracy":0.8471851851851852,"_timestamp":1.7422012694541326e+09,"_wandb":{"runtime":9},"_runtime":9.499300812,"epoch":4}