{"val_accuracy":0.8018333333333333,"val_loss":0.5470489665000889,"train_loss":0.5361623707600173,"_step":4,"train_accuracy":0.8074814814814815,"_wandb":{"runtime":26},"_timestamp":1.7421357482085447e+09,"epoch":4,"_runtime":26.260202906}