{"_wandb":{"runtime":14},"_timestamp":1.741450537243989e+09,"_runtime":14.961496185,"_step":0,"accuracy":0.8288}