{"_step":0,"accuracy":0.8578,"_timestamp":1.7414499998485966e+09,"_wandb":{"runtime":10},"_runtime":10.483060606}