{"epoch":4,"_timestamp":1.7421449385046415e+09,"train_loss":2.3026702570634403,"_runtime":22.310507981,"train_accuracy":0.09996296296296296,"_step":4,"val_loss":2.3027024087083636,"val_accuracy":0.10033333333333333,"_wandb":{"runtime":22}}