{"_step":0,"accuracy":0.1,"_timestamp":1.7414514084553185e+09,"_runtime":29.420568264,"_wandb":{"runtime":29}}