{"train_accuracy":0.635962962962963,"_timestamp":1.7421422761547241e+09,"train_loss":0.8820635343625858,"val_loss":0.8750805249921755,"_wandb":{"runtime":20},"_runtime":20.434293559,"val_accuracy":0.6405,"epoch":9,"_step":9}