{"_runtime":11.682041584,"_wandb":{"runtime":11},"_timestamp":1.742141946812288e+09,"train_loss":0.39697182446495216,"train_accuracy":0.8538148148148148,"val_accuracy":0.8416666666666667,"epoch":4,"val_loss":0.4367000226451722,"_step":4}