{"_runtime":20.678211858,"_step":9,"train_loss":0.31883276760441637,"train_accuracy":0.8840185185185185,"val_loss":0.4135788015342765,"val_accuracy":0.8578333333333333,"_timestamp":1.7415929129384992e+09,"_wandb":{"runtime":20}}