{"_step":9,"epoch":9,"train_accuracy":0.10083333333333333,"train_loss":2.3025978646988468,"val_accuracy":0.0925,"_wandb":{"runtime":37},"val_loss":2.302704649254748,"_timestamp":1.7415942258296947e+09,"_runtime":37.888812804}