{"_wandb":{"runtime":34},"epoch":4,"_runtime":34.807266529,"val_loss":0.7893897380375008,"train_accuracy":0.6806111111111111,"val_accuracy":0.6856666666666666,"_step":4,"_timestamp":1.7422012044122148e+09,"train_loss":0.7901167917591927}