{"val_loss":1.3129999226464986,"val_accuracy":0.48833333333333334,"train_loss":1.3117777377753586,"_timestamp":1.742143878642276e+09,"_wandb":{"runtime":36},"train_accuracy":0.4728148148148148,"_step":4,"epoch":4,"_runtime":36.040103858}