{"epoch":4,"train_loss":0.7610485765471318,"_runtime":25.856381405,"val_accuracy":0.7238333333333333,"_step":4,"_wandb":{"runtime":25},"train_accuracy":0.7227962962962963,"_timestamp":1.7421449684678524e+09,"val_loss":0.7652266963700066}