{"_runtime":20.357668619000002,"_step":9,"_wandb":{"runtime":20},"val_accuracy":0.8576666666666667,"epoch":9,"_timestamp":1.7422009122255495e+09,"train_accuracy":0.8717222222222222,"train_loss":0.3622455210349729,"val_loss":0.4083647231140569}