{"_step":4,"_timestamp":1.7421464733873775e+09,"_runtime":10.187678661,"val_loss":0.4482554411259518,"val_accuracy":0.8411666666666666,"train_accuracy":0.8523148148148149,"train_loss":0.4038832062729492,"_wandb":{"runtime":10},"epoch":4}