{"val_accuracy":0.2966666666666667,"val_loss":1.6297672103702843,"epoch":4,"_runtime":17.569448996,"train_loss":1.6265192663862047,"_timestamp":1.742142038717701e+09,"train_accuracy":0.3075185185185185,"_step":4,"_wandb":{"runtime":17}}