{"val_loss":1.0242621650512418,"val_accuracy":0.541,"_timestamp":1.741591336425729e+09,"_runtime":25.854822089,"_step":4,"train_loss":1.0266618473002094,"train_accuracy":0.5339074074074074,"_wandb":{"runtime":25}}