{"_step":9,"val_loss":1.7477819163403177,"val_accuracy":0.2901666666666667,"train_accuracy":0.2914259259259259,"train_loss":1.7454521479381855,"epoch":9,"_wandb":{"runtime":49},"_runtime":49.512344148,"_timestamp":1.742143610641933e+09}