{"_step":9,"val_loss":0.6730342645710252,"val_accuracy":0.7648333333333334,"_runtime":14.392601613,"train_accuracy":0.7627777777777778,"epoch":9,"_timestamp":1.7421434686801193e+09,"train_loss":0.6692490582062668,"_wandb":{"runtime":14}}