{"val_loss":2.3027120893218203,"_wandb":{"runtime":21},"train_accuracy":0.10083333333333333,"epoch":4,"_runtime":21.391693557,"val_accuracy":0.0925,"_timestamp":1.7421453314798148e+09,"_step":4,"train_loss":2.3025757840170407}