{"val_loss":2.302976895537984,"_wandb":{"runtime":38},"_runtime":38.46935637,"epoch":9,"train_accuracy":0.09996296296296296,"_step":9,"_timestamp":1.7421450446738324e+09,"val_accuracy":0.10033333333333333,"train_loss":2.302743119350418}