{"val_loss":2.3027464132183475,"_wandb":{"runtime":7},"epoch":4,"_timestamp":1.7415942809415457e+09,"_step":4,"val_accuracy":0.10116666666666667,"_runtime":7.553873944,"train_loss":2.3024744010970277,"train_accuracy":0.10062962962962962}