{"_timestamp":1.7422006201568327e+09,"train_loss":1.0092189099346656,"train_accuracy":0.5726296296296296,"_wandb":{"runtime":23},"val_loss":1.003177545705415,"epoch":4,"_runtime":23.361616179,"_step":4,"val_accuracy":0.5745}