{"train_accuracy":0.2692222222222222,"val_accuracy":0.2615,"_timestamp":1.7415112278759797e+09,"_runtime":17.501792175,"_step":9,"_wandb":{"runtime":17}}