{"_timestamp":1.741594343484947e+09,"train_loss":0.6385148860876008,"train_accuracy":0.7664444444444445,"_wandb":{"runtime":10},"_runtime":10.773564831,"_step":4,"val_accuracy":0.7643333333333333,"val_loss":0.6407639427623075,"epoch":4}