{"val_accuracy":0.0925,"train_loss":2.3025752724276005,"_runtime":18.516768184,"_timestamp":1.742209754440704e+09,"_wandb":{"runtime":18},"_step":4,"train_accuracy":0.10083333333333333,"val_loss":2.30273260658153,"epoch":4}