{"epoch":4,"_runtime":6.189217014,"train_loss":2.301715805608494,"_wandb":{"runtime":6},"val_accuracy":0.09916666666666667,"train_accuracy":0.10064814814814815,"_timestamp":1.7421949012491214e+09,"_step":4,"val_loss":2.301718303926557}