{"_timestamp":1.7415947565095935e+09,"train_accuracy":0.759962962962963,"epoch":9,"_runtime":57.993051357,"val_loss":0.8380435792149219,"_wandb":{"runtime":57},"_step":9,"train_loss":0.8430578040829215,"val_accuracy":0.7631666666666667}