{"_runtime":13.486223649,"_step":4,"_wandb":{"runtime":13},"train_loss":0.4718221955738797,"train_accuracy":0.8321851851851851,"val_loss":0.5150037069075847,"val_accuracy":0.8246666666666667,"_timestamp":1.7415929316333127e+09}