{"_step":0,"_wandb":{"runtime":14},"accuracy":0.8117,"_timestamp":1.741451274017718e+09,"_runtime":14.149764872}