{"_runtime":21.088807682,"_step":0,"_wandb":{"runtime":21},"accuracy":0.2064,"_timestamp":1.7414513184398007e+09}