{"_timestamp":1.7422010640520184e+09,"val_accuracy":0.10033333333333333,"_wandb":{"runtime":16},"val_loss":2.3027957456009083,"_step":9,"epoch":9,"train_loss":2.3026388127642674,"train_accuracy":0.09996296296296296,"_runtime":16.714112287}