{"Confusion Matrix":{"width":800,"height":600,"_type":"image-file","sha256":"a6656d42d94c33184aa4baebfa5a17362fd614279f824226317f0a3618bbde0b","size":45626,"path":"media/images/Confusion Matrix_10_a6656d42d94c33184aa4.png","format":"png"},"_wandb":{"runtime":187},"val_accuracy":0.8158333333333333,"train_accuracy":0.8230555555555555,"_step":12,"_runtime":186.192282729,"val_loss":0.5027799108632476,"epoch":0,"_timestamp":1.742199410729125e+09,"train_loss":0.47438551360448017}