{"train_accuracy":0.7035,"val_loss":0.7669938170691075,"val_accuracy":0.7066666666666667,"epoch":4,"_timestamp":1.7421440788356352e+09,"_runtime":6.097748056,"_step":4,"train_loss":0.7706196317518372,"_wandb":{"runtime":6}}