{"val_loss":0.444137849451011,"val_accuracy":0.8385,"_timestamp":1.7415916008850133e+09,"_runtime":12.827129134,"_step":9,"_wandb":{"runtime":12},"train_loss":0.4080752715816255,"train_accuracy":0.8524444444444444}