{"_step":0,"_wandb":{"runtime":22},"accuracy":0.8741,"_timestamp":1.7414499310151405e+09,"_runtime":22.539852345}