{"_step":0,"accuracy":0.8626,"_wandb":{"runtime":15},"_timestamp":1.7414501753867497e+09,"_runtime":15.294991009}