{"accuracy":0.8675,"_timestamp":1.7414503890361483e+09,"_runtime":15.331534942,"_step":0,"_wandb":{"runtime":15}}