{"_wandb":{"runtime":9},"train_accuracy":0.059944444444444446,"_runtime":9.674091608,"_step":9,"_timestamp":1.7415124273302333e+09,"val_accuracy":0.06116666666666667,"train_loss":2.3025835120090226,"val_lass":16.57861009686626,"epoch":9}