{"_wandb":{"runtime":6},"accuracy":0.8246,"_timestamp":1.7414513739337304e+09,"_runtime":6.227405125,"_step":0}