{"_timestamp":1.7415124482305853e+09,"val_lass":16.578611127015904,"train_accuracy":0.11488888888888889,"epoch":9,"_runtime":13.896889304,"_wandb":{"runtime":13},"val_accuracy":0.11966666666666667,"_step":9,"train_loss":2.3025841286957354}