{"_runtime":7.433857967,"_step":9,"train_loss":2.3025849775391434,"train_accuracy":0.14694444444444443,"_timestamp":1.74151252662064e+09,"val_lass":16.578612617793947,"epoch":9,"val_accuracy":0.14566666666666667,"_wandb":{"runtime":7}}