{"_wandb":{"runtime":12},"val_accuracy":0.6601666666666667,"_timestamp":1.7415916169462159e+09,"_runtime":12.09903488,"_step":4,"train_loss":0.849305767508226,"train_accuracy":0.6601481481481482,"val_loss":0.8516999229964333}