{"val_loss":2.3027789059887365,"_runtime":21.53150943,"train_loss":2.302628140399561,"train_accuracy":0.09996296296296296,"_timestamp":1.7422014579391932e+09,"epoch":4,"_wandb":{"runtime":21},"val_accuracy":0.10033333333333333,"_step":4}