{"_runtime":53.151341829,"_step":9,"train_loss":0.7040439629159904,"_wandb":{"runtime":53},"train_accuracy":0.7514259259259259,"val_loss":0.7237074703676322,"val_accuracy":0.7441666666666666,"_timestamp":1.7415917742735562e+09}