{"_runtime":41.544488887,"train_accuracy":0.10083333333333333,"_wandb":{"runtime":41},"epoch":4,"_timestamp":1.7421438358764038e+09,"val_accuracy":0.0925,"train_loss":2.3025754275090864,"val_loss":2.3027274543770444,"_step":4}