{"_runtime":9.256198217,"_step":4,"_wandb":{"runtime":9},"train_loss":2.3025978647184693,"train_accuracy":0.10083333333333333,"val_loss":2.3027046478520186,"val_accuracy":0.0925,"_timestamp":1.7415934345232527e+09}