{"val_accuracy":0.0925,"_runtime":53.342095547,"train_loss":2.3025880821032043,"train_accuracy":0.10083333333333333,"val_loss":2.3027279736866557,"_timestamp":1.742145497079188e+09,"epoch":9,"_step":9,"_wandb":{"runtime":53}}