{"val_accuracy":0.7871666666666667,"train_accuracy":0.8031851851851852,"val_loss":0.6036066592449638,"epoch":9,"_runtime":17.626480424,"_step":9,"train_loss":0.5590486445442874,"_wandb":{"runtime":17},"_timestamp":1.7421362342118526e+09}