{"_step":10,"_wandb":{"runtime":60},"train_loss":0.29597703589370394,"val_loss":0.3764695057499701,"train_accuracy":0.8968312757201646,"epoch":9,"val_accuracy":0.8709259259259259,"_timestamp":1.7422337245204265e+09,"Confusion Matrix":{"height":600,"_type":"image-file","sha256":"b1ec41bd48382a865a320cc4258b57dc6a7410e77b7f4666f15e139322f05914","size":46050,"path":"media/images/Confusion Matrix_10_b1ec41bd48382a865a32.png","format":"png","width":800},"_runtime":59.849000902}