{"_wandb":{"runtime":23},"train_loss":1.0404306858406427,"_step":9,"val_loss":1.041281733669221,"val_accuracy":0.6241666666666666,"_timestamp":1.742194982099923e+09,"epoch":9,"_runtime":23.586849734,"train_accuracy":0.6172222222222222}