{"val_loss":0.7237074703676322,"epoch":9,"_step":9,"train_accuracy":0.7514259259259259,"val_accuracy":0.7441666666666666,"_timestamp":1.7422017424317222e+09,"train_loss":0.7040439629159904,"_wandb":{"runtime":48},"_runtime":48.286837841}