{"val_accuracy":0.20266666666666666,"epoch":4,"_wandb":{"runtime":3},"val_lass":16.578470556879193,"train_accuracy":0.18038888888888888,"_timestamp":1.7415125828726456e+09,"_runtime":3.482483118,"_step":4,"train_loss":2.3025488599543658}