{"_step":9,"val_loss":1.1130286902904243,"train_loss":1.1082720806380275,"_runtime":25.888004473,"val_accuracy":0.5156666666666667,"_wandb":{"runtime":25},"_timestamp":1.7422015808103e+09,"train_accuracy":0.5301111111111111,"epoch":9}