{"epoch":9,"train_loss":2.302574790768123,"_timestamp":1.7421453055408783e+09,"val_loss":2.3027530264364917,"_step":9,"train_accuracy":0.10083333333333333,"val_accuracy":0.0925,"_wandb":{"runtime":31},"_runtime":31.926189953}