{"_timestamp":1.741451340852512e+09,"_runtime":4.763505854,"_step":0,"_wandb":{"runtime":4},"accuracy":0.7705}