{"train_loss":2.3025767166354925,"train_accuracy":0.10083333333333333,"val_loss":2.302750258077542,"val_accuracy":0.0925,"_timestamp":1.7415914771785352e+09,"_wandb":{"runtime":6},"_runtime":6.902261761,"_step":4}