{"_wandb":{"runtime":26},"_timestamp":1.741593375710387e+09,"_runtime":26.090681478,"_step":9,"train_loss":2.302602260321975,"train_accuracy":0.0999074074074074,"val_loss":2.302586755196235,"val_accuracy":0.10083333333333333}