{"val_accuracy":0.0925,"_step":9,"train_loss":2.3021892654296603,"epoch":9,"val_loss":2.3023504701268305,"_wandb":{"runtime":52},"_runtime":52.48603119,"_timestamp":1.741593931559677e+09,"train_accuracy":0.10083333333333333}