{"_runtime":37.574093263,"epoch":4,"_step":4,"train_loss":2.3025781027836403,"_wandb":{"runtime":37},"val_accuracy":0.09416666666666666,"_timestamp":1.7421439548154411e+09,"val_loss":2.3026914909769847,"train_accuracy":0.10064814814814815}