{"_timestamp":1.7415913065326014e+09,"_runtime":22.21006293,"_wandb":{"runtime":22},"_step":4,"train_loss":2.312744378675687,"train_accuracy":0.09964814814814815,"val_loss":2.314678894113715,"val_accuracy":0.094}