{"train_accuracy":0.09996296296296296,"_wandb":{"runtime":33},"_runtime":33.773450041,"train_loss":2.302738522573855,"val_loss":2.3030851544620083,"epoch":4,"val_accuracy":0.10033333333333333,"_step":4,"_timestamp":1.7421423532543616e+09}