{"_runtime":17.587515755,"epoch":9,"_step":9,"train_loss":0.8234701528403119,"_wandb":{"runtime":17},"train_accuracy":0.7341296296296296,"val_accuracy":0.7336666666666667,"val_loss":0.8210147364177256,"_timestamp":1.7421363088068836e+09}