{"_timestamp":1.742201339436587e+09,"train_loss":2.3026388127640542,"_runtime":30.637702366,"_wandb":{"runtime":30},"train_accuracy":0.09996296296296296,"_step":4,"val_accuracy":0.10033333333333333,"val_loss":2.302795745600388,"epoch":4}