{"_wandb":{"runtime":58},"_step":9,"epoch":9,"_runtime":58.372692838,"val_loss":0.4950273916279855,"_timestamp":1.7421437893460298e+09,"train_accuracy":0.829574074074074,"val_accuracy":0.8285,"train_loss":0.4921652477996878}