{"_wandb":{"runtime":14},"train_loss":2.285610162678152,"epoch":9,"val_loss":2.287791512852992,"val_accuracy":0.16966666666666666,"_timestamp":1.7421438991606045e+09,"train_accuracy":0.17472222222222222,"_step":9,"_runtime":14.535558078}