{"_wandb":{"runtime":9},"_runtime":9.342350896,"_step":4,"train_loss":0.6499367559068724,"train_accuracy":0.7729259259259259,"val_loss":0.6893420936797423,"val_accuracy":0.7645,"_timestamp":1.7415928850888627e+09}