{"_runtime":17.448848228,"_step":9,"train_loss":1.7370976943832035,"train_accuracy":0.27540740740740743,"val_loss":1.7387220685523153,"_wandb":{"runtime":17},"val_accuracy":0.2703333333333333,"_timestamp":1.7415917970022554e+09}