{"val_loss":2.302731077042558,"val_accuracy":0.09416666666666666,"_timestamp":1.7415926728711007e+09,"_runtime":89.005779378,"_step":9,"train_loss":2.302578908111359,"_wandb":{"runtime":89},"train_accuracy":0.10064814814814815}