{"train_loss":2.3025749722573456,"val_loss":2.3027557580945515,"_wandb":{"runtime":18},"train_accuracy":0.10083333333333333,"_runtime":18.97592169,"val_accuracy":0.0925,"_step":9,"epoch":9,"_timestamp":1.742146450141571e+09}