{"_timestamp":1.741450447476098e+09,"_wandb":{"runtime":31},"_runtime":31.624669198,"_step":0,"accuracy":0.8705}