{"train_accuracy":0.09398148148148149,"_step":9,"val_accuracy":0.093,"train_loss":2.293229993387544,"_wandb":{"runtime":18},"val_loss":2.29394079076339,"_timestamp":1.7421449925412846e+09,"_runtime":18.023811415,"epoch":9}