{"_wandb":{"runtime":5},"train_accuracy":0.14916666666666667,"val_accuracy":0.143,"_timestamp":1.7415113650241263e+09,"_runtime":5.567269574,"_step":4}