{"_step":4,"val_accuracy":0.0925,"train_accuracy":0.10083333333333333,"epoch":4,"_timestamp":1.7421358429485915e+09,"train_loss":2.3025978644724296,"val_loss":2.302704648218336,"_wandb":{"runtime":9},"_runtime":9.666918268}