{"_runtime":11.871222383,"_wandb":{"runtime":11},"_step":4,"train_loss":2.3025978644810574,"train_accuracy":0.10083333333333333,"val_loss":2.302704648198641,"val_accuracy":0.0925,"_timestamp":1.741592579528606e+09}