{"_timestamp":1.7415928250961373e+09,"_runtime":34.685091064,"_step":9,"train_loss":0.5183743687938689,"train_accuracy":0.8154814814814815,"_wandb":{"runtime":34},"val_loss":0.5736932742657466,"val_accuracy":0.7975}