{"_runtime":26.911211691,"val_loss":1.5520324976027629,"train_loss":1.5499088349577315,"epoch":9,"_timestamp":1.7421362651149762e+09,"train_accuracy":0.3503703703703704,"val_accuracy":0.3415,"_wandb":{"runtime":26},"_step":9}