{"_step":4,"train_loss":0.4216599147989548,"train_accuracy":0.8557777777777777,"val_accuracy":0.8458333333333333,"_timestamp":1.742200965210289e+09,"val_loss":0.4673903398666858,"_runtime":9.100698547,"_wandb":{"runtime":9},"epoch":4}