{"train_accuracy":0.23557407407407407,"val_accuracy":0.2605,"_timestamp":1.7415113026570847e+09,"_runtime":6.944094558,"_step":9,"_wandb":{"runtime":6}}