{"val_loss":1.219286141277326,"val_accuracy":0.6765,"_timestamp":1.7415916769960656e+09,"_runtime":14.399424197,"_step":4,"train_loss":1.2284677059292894,"train_accuracy":0.6731296296296296,"_wandb":{"runtime":14}}