{"_step":9,"_wandb":{"runtime":23},"train_accuracy":0.20085185185185186,"val_accuracy":0.2005,"_timestamp":1.7415113946498325e+09,"_runtime":23.571919486}