{"val_accuracy":0.812,"_timestamp":1.7415927770976615e+09,"_runtime":29.07412838,"_step":9,"_wandb":{"runtime":29},"train_loss":0.5358330773668802,"train_accuracy":0.8171111111111111,"val_loss":0.5414750198045453}