{"_timestamp":1.7421360579712534e+09,"_runtime":17.206270944,"val_loss":2.302750863189078,"val_accuracy":0.0925,"epoch":9,"_wandb":{"runtime":17},"train_loss":2.302574879057319,"train_accuracy":0.10083333333333333,"_step":9}