{"val_accuracy":0.0925,"epoch":9,"val_loss":2.302612659548886,"_step":9,"_runtime":13.78366949,"_wandb":{"runtime":13},"train_loss":2.302495339821393,"train_accuracy":0.10083333333333333,"_timestamp":1.742209643593941e+09}