{"_timestamp":1.7421455680544388e+09,"_runtime":34.19214552,"val_accuracy":0.0925,"_wandb":{"runtime":34},"_step":4,"val_loss":2.3027238960199803,"train_loss":2.302578967189372,"train_accuracy":0.10083333333333333,"epoch":4}