{"val_loss":2.302727268267839,"_step":9,"train_accuracy":0.10083333333333333,"_runtime":25.643361654,"_wandb":{"runtime":25},"epoch":9,"_timestamp":1.741593819046307e+09,"train_loss":2.302576248090554,"val_accuracy":0.0925}