{"_wandb":{"runtime":23},"_timestamp":1.7421361394150102e+09,"val_accuracy":0.8681666666666666,"_step":9,"train_loss":0.30867366611721053,"epoch":9,"_runtime":23.582895347,"train_accuracy":0.8865925925925926,"val_loss":0.3769221764691319}