{"val_loss":2.3027041189332014,"epoch":4,"train_loss":2.302576114327659,"_step":4,"train_accuracy":0.10083333333333333,"val_accuracy":0.0925,"_runtime":19.489100035,"_wandb":{"runtime":19},"_timestamp":1.7421450842784328e+09}