{"train_loss":2.302581604121113,"_wandb":{"runtime":23},"train_accuracy":0.10083333333333333,"val_loss":2.302718508627478,"val_accuracy":0.0925,"_timestamp":1.7415914083522103e+09,"_runtime":23.453280108,"_step":9}