{"_wandb":{"runtime":9},"_timestamp":1.741451425852679e+09,"_runtime":9.669457599,"_step":0,"accuracy":0.8464}