{"train_loss":2.3025816341275327,"_timestamp":1.7421422107768402e+09,"val_accuracy":0.0925,"epoch":9,"_wandb":{"runtime":13},"val_loss":2.302614637514051,"_step":9,"_runtime":13.79211001,"train_accuracy":0.10083333333333333}