{"_wandb":{"runtime":8},"train_accuracy":0.23955555555555555,"val_loss":1.8461379641549254,"val_accuracy":0.23433333333333334,"_timestamp":1.741591238667586e+09,"_runtime":8.497999976,"_step":4,"train_loss":1.8450763478674037}