{"_wandb":{"runtime":30},"_step":9,"train_loss":2.302576464293577,"val_loss":2.3026945378834562,"epoch":9,"val_accuracy":0.0925,"_timestamp":1.741594792800764e+09,"train_accuracy":0.10083333333333333,"_runtime":30.395266699}