{"train_accuracy":0.1745,"val_loss":2.301710347201764,"val_accuracy":0.171,"_timestamp":1.7415934102112405e+09,"_runtime":29.52404535,"_wandb":{"runtime":29},"_step":9,"train_loss":2.301596305763362}