{"train_accuracy":0.29924074074074075,"val_accuracy":0.2678333333333333,"_timestamp":1.7415113259153512e+09,"_runtime":19.433651515,"_step":9,"_wandb":{"runtime":19}}