{"_runtime":85.684038767,"train_loss":2.3025797905243732,"epoch":9,"_wandb":{"runtime":85},"train_accuracy":0.10083333333333333,"val_accuracy":0.0925,"_timestamp":1.742135935722694e+09,"_step":9,"val_loss":2.3026404293746223}