{"val_accuracy":0.812,"_wandb":{"runtime":27},"train_loss":0.5200490401032332,"_step":9,"_timestamp":1.7422013037795274e+09,"val_loss":0.5884846199055006,"epoch":9,"_runtime":27.30729645,"train_accuracy":0.8262962962962963}