{"_runtime":16.352749732,"_step":0,"_wandb":{"runtime":16},"accuracy":0.8235,"_timestamp":1.741450559606234e+09}