{"val_loss":0.5055967989450246,"val_accuracy":0.8163333333333334,"_wandb":{"runtime":30},"_timestamp":1.7415917140285132e+09,"_runtime":30.043084497,"_step":4,"train_loss":0.5028589296236081,"train_accuracy":0.8192962962962963}