{"train_accuracy":0.5188703703703703,"val_accuracy":0.5283333333333333,"_step":4,"train_loss":2.2395673408286827,"val_loss":2.239817032970066,"_timestamp":1.7422005837866344e+09,"epoch":4,"_wandb":{"runtime":8},"_runtime":8.019044886}