{"train_accuracy":0.09996296296296296,"_step":9,"val_accuracy":0.10033333333333333,"train_loss":2.3026388127642674,"epoch":9,"val_loss":2.3027957456009083,"_wandb":{"runtime":24},"_runtime":24.460316171,"_timestamp":1.742136176948347e+09}