{"_step":4,"train_loss":1.3021031820451001,"train_accuracy":0.48735185185185187,"val_loss":1.3053489553867805,"val_accuracy":0.4705,"_timestamp":1.7415912793363814e+09,"_runtime":11.629346603,"_wandb":{"runtime":11}}