{"val_accuracy":0.24083333333333334,"train_accuracy":0.253,"epoch":4,"_wandb":{"runtime":11},"val_loss":1.9660075744703311,"_step":4,"train_loss":1.9625926631585466,"_timestamp":1.742146400529673e+09,"_runtime":11.367353369}