{"val_accuracy":0.7106666666666667,"_step":4,"_wandb":{"runtime":5},"epoch":4,"train_accuracy":0.7086296296296296,"val_loss":0.7482824284806863,"_runtime":5.554860794,"_timestamp":1.74214396510513e+09,"train_loss":0.749936028860305}