{"_step":4,"val_loss":1.7377950308840093,"_runtime":20.659476702,"train_loss":1.7352691610233315,"val_accuracy":0.1895,"_wandb":{"runtime":20},"train_accuracy":0.20107407407407407,"epoch":4,"_timestamp":1.7422013663699434e+09}