{"val_accuracy":0.0925,"_timestamp":1.7415942603690808e+09,"train_loss":2.302576426214669,"epoch":9,"_step":9,"val_loss":2.3027434852786515,"_wandb":{"runtime":13},"_runtime":13.911557061,"train_accuracy":0.10083333333333333}