{"train_accuracy":0.1002962962962963,"_wandb":{"runtime":38},"_timestamp":1.7421419906781578e+09,"train_loss":2.302888727545823,"val_loss":2.3033982632316725,"epoch":9,"_step":9,"_runtime":38.152864076,"val_accuracy":0.09733333333333333}