{"_runtime":21.507370818,"train_accuracy":0.882537037037037,"val_accuracy":0.8641666666666666,"val_loss":0.44328884293748416,"epoch":9,"_step":9,"train_loss":0.3531057379561371,"_wandb":{"runtime":21},"_timestamp":1.7422009514104686e+09}