{"_timestamp":1.7415112634437373e+09,"_runtime":20.830983451,"_step":9,"train_accuracy":0.2813888888888889,"val_accuracy":0.2643333333333333,"_wandb":{"runtime":20}}