{"_runtime":19.693523973,"epoch":9,"_step":9,"val_loss":0.48723510209259546,"train_loss":0.47699001653376516,"_wandb":{"runtime":19},"train_accuracy":0.841,"_timestamp":1.742201639156488e+09,"val_accuracy":0.8386666666666667}