{"_timestamp":1.742145171468528e+09,"train_loss":0.7610485765471318,"val_accuracy":0.7238333333333333,"_step":4,"_wandb":{"runtime":26},"train_accuracy":0.7227962962962963,"epoch":4,"_runtime":26.061552419,"val_loss":0.7652266963700066}