{"_runtime":75.974343469,"epoch":9,"val_loss":2.3026402864541504,"train_accuracy":0.10083333333333333,"_step":9,"val_accuracy":0.0925,"_wandb":{"runtime":75},"_timestamp":1.742200754867325e+09,"train_loss":2.3025798014995034}