{"_timestamp":1.7414504999476528e+09,"_runtime":9.767670597,"_step":0,"_wandb":{"runtime":9},"accuracy":0.8702}