{"_wandb":{"runtime":30},"train_loss":2.302597864637849,"train_accuracy":0.10083333333333333,"_runtime":30.346336578,"val_accuracy":0.0925,"epoch":9,"_step":9,"_timestamp":1.742142313282133e+09,"val_loss":2.3027046489626075}