{"train_loss":2.30257457917269,"epoch":9,"_timestamp":1.7421454366982093e+09,"_wandb":{"runtime":41},"val_loss":2.3027659171029273,"train_accuracy":0.10083333333333333,"_step":9,"val_accuracy":0.0925,"_runtime":41.097293031}