{"epoch":9,"_wandb":{"runtime":23},"val_accuracy":0.7638333333333334,"_step":9,"train_loss":0.7112731441261873,"val_loss":0.7191681569762796,"_timestamp":1.7415941269073737e+09,"train_accuracy":0.7647777777777778,"_runtime":23.323803791}