{"_runtime":19.525069143,"_step":9,"train_accuracy":0.4006296296296296,"val_accuracy":0.3815,"_timestamp":1.741511289018749e+09,"_wandb":{"runtime":19}}