{"_timestamp":1.7415913789312134e+09,"_runtime":36.535503244,"_step":4,"train_loss":2.302575789978415,"_wandb":{"runtime":36},"train_accuracy":0.10083333333333333,"val_loss":2.3027119432162393,"val_accuracy":0.0925}