{"_timestamp":1.7421440669000092e+09,"epoch":4,"_step":4,"val_accuracy":0.7716666666666666,"train_loss":0.7395833437725069,"train_accuracy":0.7734444444444445,"val_loss":0.7349126991312429,"_wandb":{"runtime":20},"_runtime":20.931888862}