{"_runtime":14.309854302,"_step":9,"train_accuracy":0.16866666666666666,"val_accuracy":0.17033333333333334,"_wandb":{"runtime":14},"_timestamp":1.7415114220386698e+09}