{"val_loss":2.3027078830104712,"val_accuracy":0.0925,"epoch":9,"_wandb":{"runtime":18},"train_loss":2.302592438658548,"train_accuracy":0.10083333333333333,"_timestamp":1.7421452696491618e+09,"_runtime":18.301657377,"_step":9}