{"train_accuracy":0.10083333333333333,"val_accuracy":0.0925,"train_loss":2.302531919510899,"_wandb":{"runtime":26},"_step":9,"val_loss":2.3026501459604334,"_runtime":26.233665522,"epoch":9,"_timestamp":1.7421358063818107e+09}