{"val_loss":1.8865718696139104,"val_accuracy":0.4415,"_wandb":{"runtime":38},"_step":9,"train_accuracy":0.4409814814814815,"train_loss":1.8832691255846232,"_runtime":38.431297452,"epoch":9,"_timestamp":1.742143726981993e+09}