{"_step":4,"train_accuracy":0.09996296296296296,"_timestamp":1.7422014143708835e+09,"epoch":4,"val_loss":2.3027635665637383,"_wandb":{"runtime":41},"train_loss":2.3026321302763595,"_runtime":41.315647094,"val_accuracy":0.10033333333333333}