{"val_accuracy":0.0925,"_wandb":{"runtime":16},"_timestamp":1.741591817464796e+09,"_runtime":16.449882849,"_step":9,"train_loss":2.302590534379054,"train_accuracy":0.10083333333333333,"val_loss":2.3026475357015475}