{"_step":0,"accuracy":0.1,"_wandb":{"runtime":6},"_timestamp":1.7414512938229525e+09,"_runtime":6.74365521}