{"_timestamp":1.7415935827028043e+09,"_runtime":66.34604622,"_step":9,"train_loss":2.3034821947022768,"train_accuracy":0.10064814814814815,"val_loss":2.30419437459435,"_wandb":{"runtime":66},"val_accuracy":0.09416666666666666}