{"train_loss":2.302607634876033,"_step":9,"val_loss":2.3026771592186126,"val_accuracy":0.10033333333333333,"_wandb":{"runtime":76},"epoch":9,"_runtime":76.878285874,"_timestamp":1.7415944895050166e+09,"train_accuracy":0.09996296296296296}